{"demo_1_min": 0.35133777106627045, "demo_2_min": 0.4414864985500268, "demo_3_min": 0.4231524215332077, "demo_4_min": 0.4833224149833162, "demo_5_min": 0.45191674139981236, "demo_6_min": 0.4190830798499519, "demo_7_min": 0.4214904856334518, "demo_8_min": 0.36380037279983907, "demo_9_min": 0.37264277303329435, "demo_10_min": 0.3523853320502288, "demo_11_min": 0.32783199448361605, "demo_12_min": 0.36642840146669187, "demo_13_min": 0.28483371226660287, "demo_14_min": 0.33563084615016126, "demo_15_min": 0.3581390950164253}